State_of_Charge,StateofCharge,Voltage,DischargeVoltage,ChargeVoltage,DischargeEnergy
0,0,3.1238385,2.999998,3.247679,15.11625284
0.002,0.2,3.213875,3.118556,3.309194,15.09078284
0.004,0.4,3.26805,3.182432,3.353668,15.06644284
0.006,0.6,3.3093725,3.229037,3.389708,15.04169284
0.008,0.8,3.3437825,3.267162,3.420403,15.01661284
0.01,1,3.3691745,3.299883,3.438466,14.99125284
0.012,1.2,3.3957945,3.328547,3.463042,14.96566284
0.014,1.4,3.419604,3.353745,3.485463,14.93986284
0.016,1.6,3.440955,3.376797,3.505113,14.91388284
0.018,1.8,3.460747,3.397657,3.523837,14.88772284
0.02,2,3.4788665,3.416954,3.540779,14.86141284
0.022,2.2,3.4955675,3.434614,3.556521,14.83496284
0.024,2.4,3.511262,3.451244,3.57128,14.80837284
0.026,2.6,3.523662,3.466809,3.580515,14.78166284
0.028,2.8,3.537705,3.481358,3.594052,14.75483284
0.03,3,3.550456,3.49472,3.606192,14.72789284
0.032,3.2,3.5641175,3.510092,3.618143,14.69633284
0.034,3.4,3.5757445,3.522225,3.629264,14.66918284
0.036,3.6,3.5863055,3.533504,3.639107,14.64193284
0.038,3.8,3.59716,3.544271,3.650049,14.61460284
0.04,4,3.6069955,3.554599,3.659392,14.58719284
0.042,4.2,3.61518,3.564405,3.665955,14.55970284
0.044,4.4,3.624265,3.573802,3.674728,14.53213284
0.046,4.6,3.632764,3.582373,3.683155,14.50450284
0.048,4.8,3.641025,3.590905,3.691145,14.47680284
0.05,5,3.6489405,3.598634,3.699247,14.44904284
0.052,5.2,3.6564885,3.606369,3.706608,14.42121284
0.054,5.4,3.663237,3.61301,3.713464,14.39334284
0.056,5.6,3.669636,3.619267,3.720005,14.36540284
0.058,5.8,3.674729,3.625238,3.72422,14.33743284
0.06,6,3.679939,3.630289,3.729589,14.30942284
0.062,6.2,3.6844775,3.635039,3.733916,14.28136284
0.064,6.4,3.688106,3.6392,3.737012,14.25328284
0.066,6.6,3.690997,3.642822,3.739172,14.22048284
0.068,6.8,3.6932315,3.645497,3.740966,14.19234284
0.07,7,3.6950175,3.648015,3.74202,14.16417284
0.072,7.2,3.6963025,3.649675,3.74293,14.13599284
0.074,7.4,3.6976675,3.65167,3.743665,14.10780284
0.076,7.6,3.698678,3.653164,3.744192,14.07960284
0.078,7.8,3.6996015,3.654444,3.744759,14.05138284
0.08,8,3.7005465,3.655735,3.745358,14.02315284
0.082,8.2,3.7012765,3.656711,3.745842,13.99491284
0.084,8.4,3.7022795,3.657676,3.746883,13.96667284
0.086,8.6,3.702955,3.658564,3.747346,13.93842284
0.088,8.8,3.7035165,3.659205,3.747828,13.91016284
0.09,9,3.704327,3.660163,3.748491,13.88189284
0.092,9.2,3.704904,3.660701,3.749107,13.85362284
0.094,9.4,3.7057065,3.661447,3.749966,13.82535284
0.096,9.6,3.7063135,3.662099,3.750528,13.79708284
0.098,9.8,3.706978,3.662703,3.751253,13.76408284
0.1,10,3.7077385,3.663305,3.752172,13.73579284
0.102,10.2,3.7085625,3.663982,3.753143,13.70751284
0.104,10.4,3.7091545,3.664373,3.753936,13.67920284
0.106,10.6,3.709767,3.665038,3.754496,13.65090284
0.108,10.8,3.7106,3.665364,3.755836,13.62260284
0.11,11,3.7113945,3.665996,3.756793,13.59429284
0.112,11.2,3.712047,3.666473,3.757621,13.56598284
0.114,11.4,3.712882,3.667166,3.758598,13.53766284
0.116,11.6,3.713602,3.667461,3.759743,13.50934284
0.118,11.8,3.7145125,3.667943,3.761082,13.48102284
0.12,12,3.7154275,3.66859,3.762265,13.45269284
0.122,12.2,3.7157535,3.669331,3.762176,13.42435284
0.124,12.4,3.716968,3.669758,3.764178,13.39601284
0.126,12.6,3.7182845,3.670941,3.765628,13.36767284
0.128,12.8,3.7193295,3.671678,3.766981,13.33931284
0.13,13,3.7204825,3.672777,3.768188,13.31095284
0.132,13.2,3.7220105,3.67453,3.769491,13.27786284
0.134,13.4,3.7232715,3.675791,3.770752,13.24947284
0.136,13.6,3.72488,3.677295,3.772465,13.22107284
0.138,13.8,3.725993,3.678806,3.77318,13.19266284
0.14,14,3.7275085,3.680234,3.774783,13.16424284
0.142,14.2,3.728938,3.681852,3.776024,13.13581284
0.144,14.4,3.730259,3.682852,3.777666,13.10737284
0.146,14.6,3.731738,3.684371,3.779105,13.07892284
0.148,14.8,3.733036,3.685723,3.780349,13.05046284
0.15,15,3.734295,3.686861,3.781729,13.02199284
0.152,15.2,3.7357765,3.688278,3.783275,12.99351284
0.154,15.4,3.7367575,3.689231,3.784284,12.96503284
0.156,15.6,3.7378275,3.69045,3.785205,12.93653284
0.158,15.8,3.73919,3.691435,3.786945,12.90802284
0.16,16,3.7404995,3.692482,3.788517,12.87951284
0.162,16.2,3.7417525,3.693446,3.790059,12.85099284
0.164,16.4,3.742647,3.694169,3.791125,12.82246284
0.166,16.6,3.7439565,3.695413,3.7925,12.78917284
0.168,16.8,3.745129,3.696552,3.793706,12.76062284
0.17,17,3.7460395,3.697342,3.794737,12.73208284
0.172,17.2,3.747179,3.698362,3.795996,12.70352284
0.174,17.4,3.748164,3.699276,3.797052,12.67495284
0.176,17.6,3.7491725,3.700027,3.798318,12.64638284
0.178,17.8,3.750419,3.701245,3.799593,12.61780284
0.18,18,3.75148,3.702033,3.800927,12.58921284
0.182,18.2,3.7523095,3.702837,3.801782,12.56062284
0.184,18.4,3.7535615,3.704146,3.802977,12.53202284
0.186,18.6,3.754441,3.705003,3.803879,12.50340284
0.188,18.8,3.755461,3.705895,3.805027,12.47479284
0.19,19,3.7564425,3.706951,3.805934,12.44617284
0.192,19.2,3.7574375,3.707854,3.807021,12.41754284
0.194,19.4,3.7587485,3.709035,3.808462,12.38891284
0.196,19.6,3.7595485,3.709746,3.809351,12.36026284
0.198,19.8,3.7605775,3.710768,3.810387,12.32683284
0.2,20,3.7616465,3.711821,3.811472,12.29816284
0.202,20.2,3.7625325,3.712635,3.81243,12.26949284
0.204,20.4,3.763513,3.713516,3.81351,12.24082284
0.206,20.6,3.764437,3.71438,3.814494,12.21213284
0.208,20.8,3.765204,3.714989,3.815419,12.18344284
0.21,21,3.766345,3.7161,3.81659,12.15475284
0.212,21.2,3.767378,3.716828,3.817928,12.12605284
0.214,21.4,3.768268,3.717546,3.81899,12.09734284
0.216,21.6,3.769135,3.71839,3.81988,12.06863284
0.218,21.8,3.7698585,3.718965,3.820752,12.03991284
0.22,22,3.7708695,3.719819,3.82192,12.01119284
0.222,22.2,3.7716115,3.720272,3.822951,11.98245284
0.224,22.4,3.7725215,3.721325,3.823718,11.95372284
0.226,22.6,3.7734145,3.721926,3.824903,11.92498284
0.228,22.8,3.773997,3.722129,3.825865,11.89623284
0.23,23,3.775058,3.72317,3.826946,11.86748284
0.232,23.2,3.775874,3.723958,3.82779,11.83392284
0.234,23.4,3.776397,3.724418,3.828376,11.80516284
0.236,23.6,3.777251,3.72516,3.829342,11.77639284
0.238,23.8,3.778007,3.725604,3.83041,11.74762284
0.24,24,3.778653,3.726503,3.830803,11.71884284
0.242,24.2,3.7793275,3.727005,3.83165,11.69006284
0.244,24.4,3.779946,3.727581,3.832311,11.66127284
0.246,24.6,3.7809325,3.728434,3.833431,11.63248284
0.248,24.8,3.781533,3.728889,3.834177,11.60368284
0.25,25,3.7817695,3.729394,3.834145,11.57488284
0.252,25.2,3.782587,3.730084,3.83509,11.54607284
0.254,25.4,3.7832915,3.730576,3.836007,11.51727284
0.256,25.6,3.784038,3.73148,3.836596,11.48845284
0.258,25.8,3.7845095,3.731977,3.837042,11.45963284
0.26,26,3.7851525,3.732755,3.83755,11.43081284
0.262,26.2,3.785954,3.733655,3.838253,11.40198284
0.264,26.4,3.786461,3.733938,3.838984,11.37314284
0.266,26.6,3.786854,3.734896,3.838812,11.33949284
0.268,26.8,3.7875885,3.735674,3.839503,11.31064284
0.27,27,3.788297,3.736324,3.84027,11.28179284
0.272,27.2,3.7889245,3.737046,3.840803,11.25293284
0.274,27.4,3.7892705,3.737619,3.840922,11.22406284
0.276,27.6,3.789935,3.738395,3.841475,11.19519284
0.278,27.8,3.790519,3.739145,3.841893,11.16631284
0.28,28,3.791043,3.739608,3.842478,11.13744284
0.282,28.2,3.791543,3.740598,3.842488,11.10855284
0.284,28.4,3.791953,3.741078,3.842828,11.07966284
0.286,28.6,3.79256,3.741757,3.843363,11.05077284
0.288,28.8,3.793105,3.742567,3.843643,11.02187284
0.29,29,3.7936255,3.742987,3.844264,10.99297284
0.292,29.2,3.7942065,3.743974,3.844439,10.96405284
0.294,29.4,3.794679,3.744623,3.844735,10.93514284
0.296,29.6,3.7950975,3.745222,3.844973,10.90622284
0.298,29.8,3.795858,3.746165,3.845551,10.87247284
0.3,30,3.7962765,3.746987,3.845566,10.84353284
0.302,30.2,3.7966455,3.747405,3.845886,10.81460284
0.304,30.4,3.7972525,3.748151,3.846354,10.78565284
0.306,30.6,3.7976965,3.748614,3.846779,10.75671284
0.308,30.8,3.798264,3.749242,3.847286,10.72775284
0.31,31,3.798726,3.750165,3.847287,10.69879284
0.312,31.2,3.7992715,3.750899,3.847644,10.66984284
0.314,31.4,3.799849,3.751698,3.848,10.64087284
0.316,31.6,3.8000895,3.751965,3.848214,10.61190284
0.318,31.8,3.8006785,3.752857,3.8485,10.58292284
0.32,32,3.801338,3.753848,3.848828,10.55394284
0.322,32.2,3.8016915,3.754071,3.849312,10.52495284
0.324,32.4,3.802332,3.755098,3.849566,10.49596284
0.326,32.6,3.8025565,3.755317,3.849796,10.46696284
0.328,32.8,3.8030955,3.756164,3.850027,10.43796284
0.33,33,3.803796,3.75702,3.850572,10.40895284
0.332,33.2,3.804306,3.757792,3.85082,10.37510284
0.334,33.4,3.804708,3.75834,3.851076,10.34609284
0.336,33.6,3.805348,3.759108,3.851588,10.31706284
0.338,33.8,3.805629,3.75947,3.851788,10.28803284
0.34,34,3.8063745,3.760482,3.852267,10.25899284
0.342,34.2,3.80675,3.760774,3.852726,10.22995284
0.344,34.4,3.807407,3.761785,3.853029,10.20090284
0.346,34.6,3.807875,3.76265,3.8531,10.17184284
0.348,34.8,3.808431,3.763147,3.853715,10.14279284
0.35,35,3.809185,3.764068,3.854302,10.11372284
0.352,35.2,3.809372,3.764251,3.854493,10.08466284
0.354,35.4,3.810122,3.765267,3.854977,10.05559284
0.356,35.6,3.810587,3.766009,3.855165,10.02651284
0.358,35.8,3.8111805,3.76657,3.855791,9.997422843
0.36,36,3.81189,3.767591,3.856189,9.968332843
0.362,36.2,3.812242,3.768145,3.856339,9.939232843
0.364,36.4,3.8129735,3.768858,3.857089,9.905279843
0.366,36.6,3.813705,3.769843,3.857567,9.876165843
0.368,36.8,3.814092,3.770308,3.857876,9.847045843
0.37,37,3.8144885,3.771182,3.857795,9.817921843
0.372,37.2,3.8153465,3.771909,3.858784,9.788799843
0.374,37.4,3.8159225,3.772486,3.859359,9.759668843
0.376,37.6,3.81667,3.773396,3.859944,9.730533843
0.378,37.8,3.8169945,3.774005,3.859984,9.701387843
0.38,38,3.817659,3.774791,3.860527,9.672239843
0.382,38.2,3.8185235,3.775806,3.861241,9.643090843
0.384,38.4,3.819069,3.776371,3.861767,9.613931843
0.386,38.6,3.8198455,3.777358,3.862333,9.584768843
0.388,38.8,3.8202905,3.777957,3.862624,9.555594843
0.39,39,3.8209125,3.778617,3.863208,9.526417843
0.392,39.2,3.8217535,3.779469,3.864038,9.497234843
0.394,39.4,3.8221445,3.780075,3.864214,9.468046843
0.396,39.6,3.8228995,3.78108,3.864719,9.438846843
0.398,39.8,3.8237725,3.782048,3.865497,9.404779843
0.4,40,3.824539,3.782797,3.866281,9.375566843
0.402,40.2,3.8250635,3.78342,3.866707,9.346355843
0.404,40.4,3.8257265,3.784116,3.867337,9.317129843
0.406,40.6,3.826457,3.784985,3.867929,9.287907843
0.408,40.8,3.8273775,3.786022,3.868733,9.258677843
0.41,41,3.827729,3.786382,3.869076,9.229440843
0.412,41.2,3.8286505,3.787588,3.869713,9.200196843
0.414,41.4,3.829252,3.788216,3.870288,9.170944843
0.416,41.6,3.8300245,3.788895,3.871154,9.141688843
0.418,41.8,3.830894,3.790013,3.871775,9.112429843
0.42,42,3.831465,3.790509,3.872421,9.083161843
0.422,42.2,3.8322945,3.791617,3.872972,9.053888843
0.424,42.4,3.8331115,3.792294,3.873929,9.024608843
0.426,42.6,3.833735,3.792989,3.874481,8.995321843
0.428,42.8,3.834711,3.794211,3.875211,8.966029843
0.43,43,3.8355395,3.795058,3.876021,8.931839843
0.432,43.2,3.8362565,3.79582,3.876693,8.902533843
0.434,43.4,3.837203,3.796756,3.87765,8.873219843
0.436,43.6,3.8380505,3.797539,3.878562,8.843898843
0.438,43.8,3.8386365,3.798424,3.878849,8.814568843
0.44,44,3.839677,3.799396,3.879958,8.785234843
0.442,44.2,3.840324,3.800174,3.880474,8.755893843
0.444,44.4,3.8412035,3.801088,3.881319,8.726545843
0.446,44.6,3.8420505,3.801914,3.882187,8.697193843
0.448,44.8,3.8424865,3.80267,3.882303,8.667830843
0.45,45,3.8437715,3.803721,3.883822,8.638469843
0.452,45.2,3.844604,3.804295,3.884913,8.609095843
0.454,45.4,3.845666,3.805563,3.885769,8.579715843
0.456,45.6,3.846419,3.806315,3.886523,8.550324843
0.458,45.8,3.8472975,3.807406,3.887189,8.520928843
0.46,46,3.848283,3.808249,3.888317,8.491529843
0.462,46.2,3.8491885,3.809215,3.889162,8.462118843
0.464,46.4,3.8501535,3.810488,3.889819,8.427798843
0.466,46.6,3.8510125,3.811058,3.890967,8.398378843
0.468,46.8,3.851877,3.812037,3.891717,8.368940843
0.47,47,3.853017,3.813029,3.893005,8.339502843
0.472,47.2,3.853936,3.813902,3.89397,8.310059843
0.474,47.4,3.8548165,3.814997,3.894636,8.280603843
0.476,47.6,3.855834,3.815886,3.895782,8.251147843
0.478,47.8,3.856887,3.816937,3.896837,8.221675843
0.48,48,3.857714,3.817803,3.897625,8.192202843
0.482,48.2,3.8587735,3.818789,3.898758,8.162718843
0.484,48.4,3.8598685,3.819941,3.899796,8.133229843
0.486,48.6,3.8609455,3.820813,3.901078,8.103726843
0.488,48.8,3.8620915,3.822099,3.902084,8.074226843
0.49,49,3.862774,3.822797,3.902751,8.044715843
0.492,49.2,3.8639605,3.824027,3.903894,8.015193843
0.494,49.4,3.8649335,3.824638,3.905229,7.985672843
0.496,49.6,3.86629,3.826151,3.906429,7.951208843
0.498,49.8,3.8673115,3.827153,3.90747,7.921662843
0.5,50,3.8683215,3.828045,3.908598,7.892106843
0.502,50.2,3.869494,3.82921,3.909778,7.862544843
0.504,50.4,3.870876,3.830463,3.911289,7.832973843
0.506,50.6,3.871591,3.831378,3.911804,7.803392843
0.508,50.8,3.872683,3.832535,3.912831,7.773811843
0.51,51,3.8739585,3.833514,3.914403,7.744216843
0.512,51.2,3.8752205,3.834708,3.915733,7.714615843
0.514,51.4,3.8762555,3.835763,3.916748,7.685008843
0.516,51.6,3.877463,3.836699,3.918227,7.655393843
0.518,51.8,3.878664,3.837849,3.919479,7.625766843
0.52,52,3.880044,3.839173,3.920915,7.596132843
0.522,52.2,3.8808175,3.839993,3.921642,7.566487843
0.524,52.4,3.8822425,3.84147,3.923015,7.536841843
0.526,52.6,3.8834475,3.842685,3.92421,7.507180843
0.528,52.8,3.8849265,3.843835,3.926018,7.472561843
0.53,53,3.886209,3.845093,3.927325,7.442879843
0.532,53.2,3.8873715,3.846139,3.928604,7.413190843
0.534,53.4,3.88873,3.847341,3.930119,7.383494843
0.536,53.6,3.8901275,3.848722,3.931533,7.353782843
0.538,53.8,3.8913525,3.850036,3.932669,7.324061843
0.54,54,3.8925835,3.851134,3.934033,7.294331843
0.542,54.2,3.8937955,3.852159,3.935432,7.264594843
0.544,54.4,3.8952415,3.853443,3.93704,7.234841843
0.546,54.6,3.8967305,3.855005,3.938456,7.205077843
0.548,54.8,3.897864,3.855959,3.939769,7.175306843
0.55,55,3.899406,3.857468,3.941344,7.145524843
0.552,55.2,3.90083,3.858719,3.942941,7.115736843
0.554,55.4,3.9019665,3.859925,3.944008,7.085933843
0.556,55.6,3.903395,3.861233,3.945557,7.056125843
0.558,55.8,3.9048345,3.862582,3.947087,7.026306843
0.56,56,3.9063035,3.864058,3.948549,6.991508843
0.562,56.2,3.907932,3.865602,3.950262,6.961667843
0.564,56.4,3.90915,3.866679,3.951621,6.931822843
0.566,56.6,3.9108025,3.868327,3.953278,6.901961843
0.568,56.8,3.9120445,3.869774,3.954315,6.872088843
0.57,57,3.913268,3.870957,3.955579,6.842207843
0.572,57.2,3.915081,3.872601,3.957561,6.812313843
0.574,57.4,3.9164815,3.873965,3.958998,6.782414843
0.576,57.6,3.917787,3.875019,3.960555,6.752498843
0.578,57.8,3.919455,3.87687,3.96204,6.722571843
0.58,58,3.9210715,3.878434,3.963709,6.692632843
0.582,58.2,3.9225475,3.879855,3.96524,6.662686843
0.584,58.4,3.923586,3.88111,3.966062,6.632723843
0.586,58.6,3.9252525,3.882832,3.967673,6.602747843
0.588,58.8,3.9269055,3.884298,3.969513,6.572764843
0.59,59,3.9283765,3.885766,3.970987,6.542765843
0.592,59.2,3.9298465,3.88741,3.972283,6.507754843
0.594,59.4,3.9315785,3.889288,3.973869,6.477735843
0.596,59.6,3.932916,3.890593,3.975239,6.447699843
0.598,59.8,3.934766,3.89226,3.977272,6.417655843
0.6,60,3.9357335,3.89365,3.977817,6.387594843
0.602,60.2,3.9376145,3.895676,3.979553,6.357523843
0.604,60.4,3.939231,3.897369,3.981093,6.327445843
0.606,60.6,3.940668,3.898656,3.98268,6.297351843
0.608,60.8,3.94246,3.900689,3.984231,6.267241843
0.61,61,3.943817,3.902131,3.985503,6.237123843
0.612,61.2,3.945426,3.903779,3.987073,6.206984843
0.614,61.4,3.9471545,3.905739,3.98857,6.176839843
0.616,61.6,3.9486015,3.907313,3.98989,6.146681843
0.618,61.8,3.9501865,3.909191,3.991182,6.116505843
0.62,62,3.95175,3.91081,3.99269,6.086314843
0.622,62.2,3.953317,3.912407,3.994227,6.056115843
0.624,62.4,3.9551465,3.914451,3.995842,6.025901843
0.626,62.6,3.957016,3.916592,3.99744,5.990633843
0.628,62.8,3.9585065,3.918139,3.998874,5.960389843
0.63,63,3.96024,3.920074,4.000406,5.930123843
0.632,63.2,3.9616355,3.921727,4.001544,5.899855843
0.634,63.4,3.963353,3.923615,4.003091,5.869565843
0.636,63.6,3.9650965,3.925601,4.004592,5.839273843
0.638,63.8,3.9665615,3.927058,4.006065,5.808960843
0.64,64,3.968575,3.929314,4.007836,5.778628843
0.642,64.2,3.9701435,3.930983,4.009304,5.748285843
0.644,64.4,3.971857,3.932922,4.010792,5.717927843
0.646,64.6,3.973564,3.934725,4.012403,5.687555843
0.648,64.8,3.975266,3.936739,4.013793,5.657170843
0.65,65,3.9767885,3.93858,4.014997,5.626767843
0.652,65.2,3.9783715,3.940207,4.016536,5.596356843
0.654,65.4,3.9801365,3.942199,4.018074,5.565926843
0.656,65.6,3.9819055,3.944035,4.019776,5.535486843
0.658,65.8,3.983906,3.946227,4.021585,5.499957843
0.66,66,3.9855815,3.947977,4.023186,5.469481843
0.662,66.2,3.9872835,3.949967,4.0246,5.438992843
0.664,66.4,3.9886895,3.951592,4.025787,5.408484843
0.666,66.6,3.9906185,3.953618,4.027619,5.377961843
0.668,66.8,3.992274,3.955429,4.029119,5.347431843
0.67,67,3.993952,3.957495,4.030409,5.316880843
0.672,67.2,3.995793,3.959428,4.032158,5.286316843
0.674,67.4,3.997566,3.961128,4.034004,5.255739843
0.676,67.6,3.999387,3.963057,4.035717,5.225142843
0.678,67.8,4.0013355,3.965098,4.037573,5.194531843
0.68,68,4.0022025,3.96684,4.037565,5.163906843
0.682,68.2,4.0044455,3.968777,4.040114,5.133267843
0.684,68.4,4.0061185,3.970471,4.041766,5.102612843
0.686,68.6,4.0079645,3.972481,4.043448,5.071947843
0.688,68.8,4.009927,3.974586,4.045268,5.041263843
0.69,69,4.0118695,3.976693,4.047046,5.005450843
0.692,69.2,4.0137815,3.978569,4.048994,4.974733843
0.694,69.4,4.01574,3.980749,4.050731,4.944010843
0.696,69.6,4.0168575,3.982193,4.051522,4.913266843
0.698,69.8,4.0192755,3.984633,4.053918,4.882505843
0.7,70,4.021111,3.986492,4.05573,4.851735843
0.702,70.2,4.0229935,3.988479,4.057508,4.820943843
0.704,70.4,4.0249885,3.990561,4.059416,4.790138843
0.706,70.6,4.026967,3.992496,4.061438,4.759321843
0.708,70.8,4.0291825,3.994878,4.063487,4.728487843
0.71,71,4.031112,3.996692,4.065532,4.697634843
0.712,71.2,4.0326535,3.998652,4.066655,4.666762843
0.714,71.4,4.0349305,4.00114,4.068721,4.635880843
0.716,71.6,4.0371385,4.003175,4.071102,4.604980843
0.718,71.8,4.039299,4.005472,4.073126,4.574062843
0.72,72,4.04108,4.007131,4.075029,4.543134843
0.722,72.2,4.043474,4.009851,4.077097,4.507025843
0.724,72.4,4.045787,4.012139,4.079435,4.476053843
0.726,72.6,4.047739,4.01397,4.081508,4.445067843
0.728,72.8,4.0494645,4.015939,4.08299,4.414065843
0.73,73,4.051649,4.018174,4.085124,4.383045843
0.732,73.2,4.0537735,4.020239,4.087308,4.352011843
0.734,73.4,4.056079,4.022425,4.089733,4.320956843
0.736,73.6,4.058007,4.024238,4.091776,4.289892843
0.738,73.8,4.059943,4.026311,4.093575,4.258816843
0.74,74,4.062201,4.028557,4.095845,4.227717843
0.742,74.2,4.0641525,4.030415,4.09789,4.196605843
0.744,74.4,4.065953,4.032454,4.099452,4.165478843
0.746,74.6,4.0677765,4.034255,4.101298,4.134336843
0.748,74.8,4.0697825,4.036257,4.103308,4.103178843
0.75,75,4.071994,4.038497,4.105491,4.072003843
0.752,75.2,4.0739025,4.040135,4.10767,4.040818843
0.754,75.4,4.0758015,4.042397,4.109206,4.009612843
0.756,75.6,4.077991,4.044641,4.111341,3.973188843
0.758,75.8,4.0799735,4.046515,4.113432,3.941945843
0.76,76,4.0817595,4.048532,4.114987,3.910694843
0.762,76.2,4.0837135,4.050714,4.116713,3.879424843
0.764,76.4,4.085626,4.052482,4.11877,3.848134843
0.766,76.6,4.087713,4.054693,4.120733,3.816829843
0.768,76.8,4.089735,4.056602,4.122868,3.785515843
0.77,77,4.091692,4.058409,4.124975,3.754181843
0.772,77.2,4.09385,4.060749,4.126951,3.722827843
0.774,77.4,4.0957505,4.062676,4.128825,3.691457843
0.776,77.6,4.0977925,4.064975,4.13061,3.660080843
0.778,77.8,4.0998355,4.067001,4.13267,3.628687843
0.78,78,4.1018165,4.068877,4.134756,3.597277843
0.782,78.2,4.1039755,4.071153,4.136798,3.565848843
0.784,78.4,4.106145,4.073243,4.139047,3.534403843
0.786,78.6,4.108369,4.075326,4.141412,3.502945843
0.788,78.8,4.1107535,4.077852,4.143655,3.466221843
0.79,79,4.112598,4.079667,4.145529,3.434723843
0.792,79.2,4.1146945,4.082146,4.147243,3.403213843
0.794,79.4,4.116706,4.083965,4.149447,3.371676843
0.796,79.6,4.1187725,4.08622,4.151325,3.340130843
0.798,79.8,4.1210345,4.088367,4.153702,3.308565843
0.8,80,4.1231395,4.090158,4.156121,3.276983843
0.802,80.2,4.1254135,4.092464,4.158363,3.245389843
0.804,80.4,4.127644,4.094539,4.160749,3.213778843
0.806,80.6,4.1297275,4.09667,4.162785,3.182153843
0.808,80.8,4.1316435,4.098782,4.164505,3.150507843
0.81,81,4.133756,4.100891,4.166621,3.118850843
0.812,81.2,4.1359495,4.103096,4.168803,3.087172843
0.814,81.4,4.138147,4.105277,4.171017,3.055475843
0.816,81.6,4.140359,4.107175,4.173543,3.023762843
0.818,81.8,4.1426825,4.109571,4.175794,2.992034843
0.82,82,4.144793,4.111553,4.178033,2.960295843
0.822,82.2,4.1471825,4.11406,4.180305,2.923236843
0.824,82.4,4.1490715,4.116328,4.181815,2.891459843
0.826,82.6,4.151451,4.11856,4.184342,2.859667843
0.828,82.8,4.153678,4.120629,4.186727,2.827856843
0.83,83,4.155905,4.122948,4.188862,2.796025843
0.832,83.2,4.1580505,4.124895,4.191206,2.764184843
0.834,83.4,4.1603445,4.127085,4.193604,2.732316843
0.836,83.6,4.162613,4.129135,4.196091,2.700438843
0.838,83.8,4.1648955,4.131544,4.198247,2.668544843
0.84,84,4.1668625,4.133765,4.19996,2.636624843
0.842,84.2,4.169022,4.135655,4.202389,2.604691843
0.844,84.4,4.1713365,4.137957,4.204716,2.572742843
0.846,84.6,4.173455,4.13985,4.20706,2.540771843
0.848,84.8,4.1756155,4.142089,4.209142,2.508789843
0.85,85,4.178227,4.144598,4.211856,2.476790843
0.852,85.2,4.1804415,4.146626,4.214257,2.444777843
0.854,85.4,4.182888,4.149033,4.216743,2.407402843
0.856,85.6,4.1848175,4.151368,4.218267,2.375345843
0.858,85.8,4.187064,4.153484,4.220644,2.343275843
0.86,86,4.1894685,4.155692,4.223245,2.311185843
0.862,86.2,4.191784,4.158123,4.225445,2.279079843
0.864,86.4,4.1940165,4.160038,4.227995,2.246962843
0.866,86.6,4.196475,4.162516,4.230434,2.214829843
0.868,86.8,4.198815,4.164612,4.233018,2.182673843
0.87,87,4.201146,4.166816,4.235476,2.150503843
0.872,87.2,4.2029755,4.169186,4.236765,2.118318843
0.874,87.4,4.205262,4.171074,4.23945,2.086118843
0.876,87.6,4.207866,4.173595,4.242137,2.053897843
0.878,87.8,4.21007,4.175544,4.244596,2.021658843
0.88,88,4.212447,4.177887,4.247007,1.989400843
0.882,88.2,4.2149265,4.180279,4.249574,1.957124843
0.884,88.4,4.217008,4.182166,4.25185,1.924832843
0.886,88.6,4.219555,4.184656,4.254454,1.892522843
0.888,88.8,4.22168,4.187297,4.256063,1.854798843
0.89,89,4.2238705,4.189225,4.258516,1.822449843
0.892,89.2,4.226511,4.191776,4.261246,1.790082843
0.894,89.4,4.228699,4.193823,4.263575,1.757702843
0.896,89.6,4.231169,4.196015,4.266323,1.725305843
0.898,89.8,4.2335645,4.198336,4.268793,1.692890843
0.9,90,4.2359005,4.200598,4.271203,1.660459843
0.902,90.2,4.2383905,4.202948,4.273833,1.628008843
0.904,90.4,4.240199,4.204945,4.275453,1.595532843
0.906,90.6,4.2427965,4.207414,4.278179,1.563048843
0.908,90.8,4.245274,4.20972,4.280828,1.530538843
0.91,91,4.2475605,4.21172,4.283401,1.498013843
0.912,91.2,4.250195,4.214252,4.286138,1.465469843
0.914,91.4,4.252403,4.216249,4.288557,1.432914843
0.916,91.6,4.2548915,4.218625,4.291158,1.400345843
0.918,91.8,4.257371,4.221048,4.293694,1.367747843
0.92,92,4.2593525,4.223168,4.295537,1.335144843
0.922,92.2,4.261933,4.225807,4.298059,1.297081843
0.924,92.4,4.264377,4.228222,4.300532,1.264437843
0.926,92.6,4.2668715,4.230365,4.303378,1.231774843
0.928,92.8,4.2694825,4.232653,4.306312,1.199095843
0.93,93,4.2718735,4.235011,4.308736,1.166394843
0.932,93.2,4.274385,4.237289,4.311481,1.133677843
0.934,93.4,4.2768015,4.239493,4.31411,1.100942843
0.936,93.6,4.2788855,4.241747,4.316024,1.068185843
0.938,93.8,4.281467,4.244222,4.318712,1.035411843
0.94,94,4.2838265,4.246557,4.321096,1.002630843
0.942,94.2,4.28627,4.248606,4.323934,0.969837743
0.944,94.4,4.289004,4.251208,4.3268,0.937024543
0.946,94.6,4.291409,4.253364,4.329454,0.904197343
0.948,94.8,4.293907,4.255556,4.332258,0.871349143
0.95,95,4.2963535,4.258051,4.334656,0.838478243
0.952,95.2,4.298475,4.260062,4.336888,0.805594943
0.954,95.4,4.301231,4.262892,4.33957,0.767205543
0.956,95.6,4.3038545,4.265506,4.342203,0.734286543
0.958,95.8,4.3062975,4.26752,4.345075,0.701348343
0.96,96,4.30898,4.270116,4.347844,0.668388943
0.962,96.2,4.311296,4.272524,4.350068,0.635408543
0.964,96.4,4.3123095,4.274629,4.34999,0.602426043
0.966,96.6,4.313625,4.277263,4.349987,0.569428143
0.968,96.8,4.314802,4.279485,4.350119,0.536414143
0.97,97,4.315675,4.281326,4.350024,0.503381543
0.972,97.2,4.3171095,4.284245,4.349974,0.470334843
0.974,97.4,4.3183125,4.286651,4.349974,0.437260843
0.976,97.6,4.3196235,4.28928,4.349967,0.404165343
0.978,97.8,4.3207695,4.291514,4.350025,0.371052343
0.98,98,4.3220495,4.294104,4.349995,0.337926843
0.982,98.2,4.323271,4.296576,4.349966,0.304786443
0.984,98.4,4.3244225,4.298886,4.349959,0.271624243
0.986,98.6,4.3258845,4.301894,4.349875,0.232911143
0.988,98.8,4.3272965,4.304636,4.349957,0.199707543
0.99,99,4.3285505,4.307089,4.350012,0.166479443
0.992,99.2,4.3298665,4.309779,4.349954,0.133228143
0.994,99.4,4.3312445,4.312456,4.350033,0.099959443
0.996,99.6,4.3326205,4.315274,4.349967,0.066663103
0.998,99.8,4.3343665,4.31883,4.349903,0.033346563
1,100,4.3368535,4.323956,4.349751,0